employee_id,work_life_balance_rating,job_satisfaction_rating,job_involvement_rating,relationship_satisfaction_rating,environment_satisfaction_rating
1,1,4,3,1,2
2,3,2,2,4,3
4,3,3,2,2,4
5,3,3,3,3,4
7,3,2,3,4,1
8,2,4,3,3,4
10,2,1,4,1,3
11,3,3,3,2,4
12,3,3,2,2,4
13,2,3,3,2,3
14,3,2,4,3,1
15,3,3,2,4,4
16,2,3,3,4,1
18,3,4,3,3,2
19,3,3,2,2,3
20,3,1,4,3,2
21,2,2,4,4,1
22,2,4,4,2,4
23,3,4,2,3,1
24,3,4,3,3,4
26,2,3,4,4,1
27,3,1,2,2,3
28,3,2,3,3,1
30,3,4,3,4,3
31,3,1,3,3,2
32,2,3,3,4,3
33,3,1,1,2,2
35,3,2,3,4,3
36,3,4,2,4,1
38,2,1,3,4,2
39,3,4,3,4,3
40,4,4,3,4,4
41,3,3,2,1,4
42,4,4,3,3,4
45,2,4,3,1,2
46,2,3,4,4,4
47,3,3,2,3,1
49,3,4,3,1,4
51,4,1,2,4,2
52,3,1,4,1,3
53,3,4,3,3,3
54,3,1,3,4,4
55,2,3,1,3,1
56,3,3,3,4,4
57,3,4,3,4,3
58,3,3,3,4,2
60,3,3,3,3,2
61,3,2,3,1,2
62,3,4,3,3,1
63,3,4,4,4,4
64,3,3,2,4,1
65,2,3,3,3,3
68,2,1,3,3,2
70,3,1,2,3,3
72,2,4,2,3,3
73,3,4,3,3,1
74,2,1,3,4,2
75,3,1,3,3,3
76,2,4,3,4,4
77,4,3,2,3,1
78,3,4,3,2,1
79,3,4,3,4,4
80,2,3,2,4,2
81,2,1,3,4,1
83,3,3,3,2,3
84,3,3,3,3,4
85,3,2,2,3,2
86,3,1,3,3,2
88,2,1,3,4,2
90,2,3,2,1,4
91,2,3,2,4,1
94,3,2,3,4,3
95,3,2,3,2,3
96,3,2,3,2,2
97,3,4,4,2,2
98,3,4,3,4,3
100,3,1,2,2,3
101,4,1,3,2,4
102,4,3,3,1,1
103,3,2,3,4,2
104,2,4,2,3,4
105,3,3,2,1,2
106,3,4,3,4,1
107,3,4,1,4,2
110,3,2,3,3,1
112,2,4,1,1,4
113,3,1,3,3,3
116,3,4,3,2,4
117,3,4,2,1,3
118,3,4,2,4,3
119,2,2,2,4,3
120,1,4,3,4,3
121,2,2,2,2,3
124,2,1,2,3,3
125,3,3,3,1,2
126,1,3,3,1,1
128,2,3,3,1,1
129,4,3,3,2,2
131,2,3,3,3,4
132,4,2,3,3,2
133,3,1,3,4,3
134,3,1,3,4,4
137,3,4,2,2,4
138,3,3,3,3,1
139,4,4,2,4,3
140,3,4,2,4,3
141,2,2,3,1,1
142,3,3,2,4,3
143,3,4,2,3,4
144,3,4,3,3,2
145,2,1,2,3,1
147,3,3,1,4,1
148,3,4,4,3,4
150,3,3,3,3,2
151,3,2,2,3,3
152,3,4,3,1,3
153,3,1,2,4,3
154,3,4,3,3,2
155,3,4,3,1,1
158,4,4,3,4,3
159,2,3,1,3,1
160,4,2,3,1,3
161,3,2,3,1,2
162,3,3,3,3,1
163,2,3,1,2,2
164,2,2,2,3,3
165,2,4,3,4,4
167,2,3,3,4,4
169,3,4,3,3,3
170,2,1,3,3,3
171,3,3,4,4,2
174,3,4,3,4,3
175,3,3,1,3,2
176,3,3,3,3,3
177,3,3,3,4,3
178,3,2,3,4,2
179,3,4,1,4,1
182,4,3,2,3,4
183,3,3,2,4,1
184,1,4,3,4,3
190,4,1,3,1,1
192,2,4,3,2,3
193,3,3,3,2,4
194,2,3,3,3,1
195,4,4,1,4,4
197,3,1,3,4,4
198,3,4,2,4,2
199,2,1,2,2,4
200,3,1,3,4,3
201,3,2,3,4,2
202,3,2,3,1,2
204,3,2,3,1,3
205,1,3,3,4,2
206,1,2,3,3,2
207,3,4,3,4,2
208,3,3,3,1,4
211,3,3,2,3,2
214,2,2,2,2,2
215,2,4,2,1,3
216,3,3,3,4,3
217,3,4,3,1,3
218,1,2,3,4,4
221,1,4,3,3,3
223,1,4,4,2,3
224,2,3,2,4,3
226,3,2,3,2,3
227,3,3,3,1,1
228,3,4,3,3,2
230,4,4,2,3,1
231,3,3,3,1,3
233,2,2,3,4,3
235,4,1,1,1,3
238,2,2,3,3,4
239,3,1,3,3,3
240,4,1,3,1,3
241,3,1,3,3,3
242,4,4,3,1,3
243,2,4,2,3,2
244,3,1,3,3,2
245,3,4,3,3,3
246,3,4,3,3,3
247,3,2,3,4,4
248,2,2,3,4,2
249,2,3,2,4,3
250,3,1,4,3,4
252,3,2,3,4,4
253,3,3,3,2,4
254,3,2,4,4,3
256,2,3,2,3,4
258,3,2,3,3,4
259,3,3,2,1,3
260,2,2,3,4,4
261,3,3,2,1,2
262,4,4,4,4,4
264,3,4,2,4,1
267,2,1,4,1,2
269,3,2,3,4,2
270,3,3,3,2,3
271,3,3,3,2,4
273,1,4,3,1,4
274,3,1,2,3,3
275,3,4,3,1,4
277,4,3,3,4,4
281,4,4,3,3,3
282,3,1,3,2,2
283,2,4,3,4,2
284,2,2,4,1,4
286,3,4,3,1,2
287,1,4,2,4,4
288,3,1,3,3,4
291,2,4,1,3,4
292,3,3,2,3,3
293,3,3,3,4,4
296,1,2,2,4,2
297,3,1,3,3,4
298,3,4,3,3,4
299,2,1,2,3,3
300,2,3,3,4,3
302,3,4,2,4,4
303,3,1,3,4,4
304,4,2,3,4,4
305,3,2,2,4,3
306,3,4,3,3,2
307,2,3,3,3,1
308,3,3,1,4,3
309,3,4,2,1,3
311,3,4,3,3,1
312,3,4,3,4,2
314,4,3,3,1,3
315,2,4,2,3,3
316,2,4,2,2,3
319,3,4,3,4,3
321,2,3,3,4,2
323,2,4,3,3,4
325,1,4,3,3,3
327,3,4,3,3,4
328,4,1,3,1,1
329,4,3,2,4,1
330,3,2,3,1,3
331,1,3,2,4,4
332,3,3,3,3,3
333,3,4,3,1,3
334,2,1,3,1,3
335,3,4,3,1,1
336,3,4,4,3,3
337,3,3,3,1,2
338,2,4,2,3,3
339,3,1,2,2,4
340,2,1,2,1,3
341,3,3,4,4,1
342,3,3,3,2,1
343,3,3,3,4,3
346,3,4,3,1,3
347,3,1,4,3,4
349,3,4,3,4,4
350,3,3,3,4,1
351,3,1,2,3,4
352,3,3,3,4,1
353,2,4,3,2,3
355,4,2,2,2,3
359,1,2,4,3,2
361,3,4,2,4,4
362,3,1,2,4,4
363,2,2,1,2,3
364,1,3,3,3,1
366,3,2,2,2,1
367,3,4,2,2,2
369,3,1,4,4,2
372,3,4,3,2,3
373,3,4,3,3,4
374,3,1,3,3,4
376,2,2,3,4,1
377,2,4,3,4,4
378,4,4,3,2,3
379,4,3,2,1,4
380,3,4,3,1,1
381,2,2,4,2,2
382,3,1,4,3,1
384,1,2,3,1,3
385,2,2,3,1,1
386,2,3,3,4,3
387,3,3,3,3,2
388,2,4,3,1,2
389,3,4,3,4,2
390,3,1,3,3,1
391,3,4,3,2,4
392,1,3,3,4,4
393,3,4,3,2,4
394,3,2,3,4,1
395,3,4,3,4,4
396,3,1,3,4,3
397,3,2,3,4,3
399,2,2,3,3,4
401,3,4,2,2,4
403,2,4,3,3,2
404,4,2,3,4,3
405,3,3,3,3,3
406,2,2,3,3,3
407,3,4,4,4,3
408,3,2,1,4,4
410,3,2,3,2,4
411,3,3,2,1,4
412,3,1,4,3,2
416,2,4,4,2,2
417,2,4,4,1,3
419,3,2,3,3,2
420,2,3,2,3,4
421,3,2,2,3,1
422,3,3,1,4,4
423,3,4,3,3,3
424,3,1,2,4,1
425,3,1,3,1,1
426,1,4,3,2,3
428,3,2,3,2,4
429,3,1,3,4,3
430,3,4,3,1,3
431,3,3,2,4,3
433,2,2,2,1,3
434,2,2,3,2,3
436,3,2,2,4,3
437,3,3,3,1,4
438,3,4,3,4,4
439,2,4,4,3,1
440,2,4,1,4,1
441,3,4,3,4,4
442,3,3,2,1,3
444,3,4,2,1,3
445,2,3,3,1,4
446,2,4,2,3,2
447,3,3,3,2,4
448,4,3,2,2,3
449,3,2,3,4,3
450,2,3,3,4,4
451,2,1,3,1,3
452,3,4,3,1,4
453,2,4,1,3,2
454,2,1,1,4,2
455,3,4,2,3,2
456,3,3,2,3,4
458,3,2,3,1,2
460,2,4,3,3,4
461,3,4,2,2,3
462,2,4,3,3,3
463,3,2,2,1,4
464,3,2,3,4,3
465,2,4,3,3,3
466,3,2,2,4,4
467,3,3,3,1,2
468,3,4,3,2,1
469,2,3,3,1,4
470,3,3,3,3,3
471,3,2,3,3,3
473,1,3,3,2,1
474,3,1,4,1,3
475,4,3,3,2,4
476,3,3,3,2,3
477,3,4,2,2,1
478,3,2,2,3,1
479,3,4,3,2,4
481,3,4,2,1,1
482,3,3,3,3,4
483,3,3,4,3,4
484,2,4,3,3,1
485,3,3,3,2,4
486,3,1,3,2,3
487,4,3,3,3,3
488,3,2,3,3,1
491,3,4,2,4,4
492,3,3,2,1,3
493,3,2,2,4,3
494,3,2,4,4,3
495,3,4,3,4,4
496,3,2,2,3,3
497,3,2,3,2,4
498,3,4,3,4,2
499,3,3,2,3,2
500,2,4,3,3,3
501,3,3,3,2,4
502,2,4,4,2,1
505,3,4,3,3,3
507,4,3,3,4,4
508,3,2,3,1,3
510,3,1,3,3,3
511,3,2,3,4,1
513,3,3,2,2,2
514,3,4,3,3,3
515,2,1,3,3,4
516,3,2,3,3,4
517,3,1,3,2,2
518,2,2,3,4,3
520,3,2,2,3,1
521,3,3,2,2,2
522,2,1,3,3,1
523,3,3,3,1,3
524,1,1,3,2,2
525,3,4,3,1,4
526,3,3,3,4,3
527,3,4,2,2,2
529,3,3,3,1,2
530,3,1,2,3,4
531,3,3,3,3,2
532,2,1,4,4,3
533,3,3,3,2,2
534,3,1,4,3,2
536,3,1,3,4,3
538,3,1,3,3,1
543,3,3,2,3,4
544,2,4,3,4,1
546,1,4,3,4,4
547,3,3,3,2,1
548,3,4,1,3,3
549,1,1,3,4,1
550,2,3,3,3,3
551,4,4,2,4,4
554,3,2,3,2,1
555,2,3,1,4,4
556,3,4,3,3,4
558,3,3,3,4,3
560,1,4,3,2,1
562,1,4,3,3,3
564,3,3,2,3,2
565,4,2,2,2,3
566,4,4,2,3,1
567,3,1,3,3,3
568,2,4,2,3,1
569,3,3,2,2,2
571,2,4,3,3,3
573,4,1,2,4,3
574,3,4,3,3,1
575,1,3,3,3,1
577,3,3,1,3,4
578,3,3,3,3,3
579,3,3,2,3,4
580,3,4,2,3,3
581,4,2,3,4,3
582,4,3,3,4,2
584,3,4,1,1,1
585,3,2,3,1,4
586,3,3,3,3,4
587,3,3,3,1,1
590,3,1,3,3,2
591,3,3,3,4,2
592,2,4,3,4,2
593,3,3,2,3,3
595,3,4,3,1,2
597,3,2,3,4,1
599,3,4,3,4,4
600,3,3,3,3,2
601,3,3,3,3,2
602,3,3,3,1,3
604,4,4,3,3,2
605,2,1,3,4,4
606,4,2,3,2,4
608,2,3,3,2,2
611,4,4,3,2,4
612,3,3,4,3,1
613,2,4,2,3,3
614,3,2,3,4,2
615,3,1,1,3,3
616,3,3,2,1,1
618,3,3,3,1,1
620,3,3,3,4,1
621,3,4,4,4,4
622,1,4,1,2,3
623,4,4,3,4,2
624,2,3,3,4,1
625,3,1,3,2,2
626,3,2,3,4,1
630,3,1,3,2,4
631,3,3,4,4,4
632,3,4,3,3,4
634,3,3,3,3,3
635,2,2,3,2,2
638,3,3,2,3,4
639,3,4,4,2,2
641,4,2,3,4,1
643,3,2,2,4,4
644,3,2,3,3,1
645,3,3,3,3,2
647,3,3,3,4,1
648,4,1,2,3,2
649,3,4,2,4,2
650,1,1,3,3,2
652,3,4,2,4,1
653,4,4,4,4,1
655,2,3,2,3,1
656,2,3,3,3,4
657,4,2,2,4,4
659,3,4,3,2,3
661,2,4,2,3,2
662,2,1,3,4,3
663,3,3,3,2,4
664,1,1,2,1,4
665,4,3,2,2,1
666,3,3,3,4,3
667,3,1,3,2,3
669,3,3,3,3,3
671,4,4,3,1,4
675,3,3,3,4,1
677,3,3,3,4,3
679,2,4,3,4,1
680,3,3,3,3,3
682,4,1,3,4,4
683,2,4,3,4,2
684,3,1,3,4,1
686,3,4,3,3,3
689,3,3,3,3,3
690,2,3,3,1,2
691,3,4,1,2,2
692,1,4,3,3,3
698,4,2,3,3,3
699,3,2,2,3,2
700,3,4,2,4,1
701,3,3,3,4,4
702,3,1,3,1,1
704,3,3,2,3,3
705,4,1,4,1,1
707,3,2,4,3,4
709,3,4,2,1,4
710,3,4,1,4,2
712,3,2,4,4,2
714,3,4,4,2,4
715,3,4,4,1,4
716,3,3,4,3,4
717,4,2,2,2,4
720,3,3,3,1,1
721,3,3,2,1,4
722,2,4,3,4,4
723,3,3,3,1,2
724,2,4,4,3,2
725,3,1,3,4,3
727,3,4,3,4,3
728,3,1,3,4,4
729,3,1,2,3,4
730,3,3,4,3,3
731,2,4,2,2,2
732,3,1,3,4,1
733,2,1,3,3,4
734,3,3,2,2,4
738,3,2,3,4,4
741,3,2,1,4,1
742,3,1,4,1,1
743,4,3,3,4,3
744,3,3,1,3,1
746,2,3,3,4,4
747,2,4,3,4,3
749,3,3,3,3,3
752,3,3,4,4,3
754,3,4,2,3,4
757,3,3,3,4,2
758,4,1,3,4,2
760,1,2,4,3,3
762,2,4,3,3,3
763,2,4,2,4,4
764,1,1,2,1,4
766,3,2,3,4,4
769,3,4,3,4,4
771,4,1,3,1,4
772,3,4,3,4,1
773,1,3,3,2,4
775,3,1,3,3,2
776,4,1,2,1,3
780,2,4,3,3,4
781,2,4,3,2,3
783,3,3,1,1,2
784,3,3,4,4,1
785,3,3,4,4,2
786,3,4,3,3,4
787,3,1,3,4,4
789,3,1,2,2,1
791,3,4,3,1,4
792,3,4,1,1,1
793,2,3,3,1,2
796,2,1,2,3,4
797,3,4,4,3,2
799,3,1,3,2,4
800,3,4,3,2,3
802,2,1,3,2,4
803,3,1,4,4,1
804,3,1,2,3,3
805,2,4,3,2,1
806,3,3,1,3,4
807,3,2,4,4,3
808,3,1,3,2,3
809,2,4,3,2,2
811,3,1,4,3,3
812,3,2,2,3,3
813,3,3,3,2,4
815,3,3,3,4,3
816,3,1,2,4,2
817,4,3,3,4,3
819,3,1,3,3,1
820,2,4,3,3,3
823,3,2,3,1,3
824,3,3,4,3,3
825,3,2,3,4,4
826,3,3,4,3,4
827,3,4,2,4,4
828,2,3,3,4,3
829,3,2,3,2,3
830,3,3,2,3,3
832,3,3,2,4,1
833,2,4,2,2,3
834,3,3,2,4,2
836,2,2,3,4,2
837,2,1,2,3,1
838,3,4,2,3,3
840,4,4,3,1,3
842,2,4,3,3,3
843,3,1,3,3,2
844,3,4,2,2,3
845,4,3,3,2,3
846,3,2,3,1,2
847,1,4,3,3,3
848,3,3,2,1,3
850,2,4,3,3,4
851,2,3,3,3,1
852,2,2,3,4,4
854,2,1,4,3,1
855,3,1,4,1,1
856,2,1,2,4,3
857,2,4,3,4,2
859,2,4,3,3,2
861,2,4,2,2,2
862,3,4,2,4,1
864,3,1,3,3,4
865,2,3,4,3,3
867,3,4,2,3,3
868,3,3,2,4,4
869,3,4,2,4,2
872,1,4,2,1,4
874,2,4,4,3,1
875,3,4,3,4,2
878,3,1,2,3,1
879,3,1,3,4,3
880,3,3,2,2,4
881,2,2,3,1,4
882,3,4,3,2,4
885,4,1,2,1,3
887,3,1,3,2,3
888,2,4,2,4,1
889,3,2,3,4,2
893,3,2,2,4,2
894,2,4,4,2,3
895,3,4,3,2,4
896,3,3,2,3,2
897,3,4,3,3,1
899,3,2,2,1,4
900,3,4,3,2,3
901,3,4,3,3,4
902,2,4,3,2,4
903,3,4,3,1,3
904,3,2,3,4,1
905,3,1,3,4,1
909,3,4,2,3,4
910,4,2,3,3,4
911,1,4,3,3,1
912,3,4,2,3,1
913,3,1,3,4,2
916,3,4,3,2,1
918,2,4,2,4,4
920,4,2,3,3,1
922,2,3,2,4,3
923,2,4,3,1,4
924,2,4,3,1,3
925,2,4,2,1,4
926,4,3,3,1,2
927,2,4,1,3,2
930,3,3,3,2,3
932,1,1,3,4,4
933,3,3,3,3,2
934,3,2,3,2,2
936,3,3,2,1,3
939,3,1,2,2,3
940,3,2,2,4,3
941,4,3,2,2,2
942,1,4,3,4,4
944,2,2,3,3,1
945,2,3,3,1,4
947,2,3,3,4,4
949,3,4,3,3,2
950,3,1,3,2,4
951,3,2,2,3,3
952,3,2,2,3,3
954,2,2,2,2,1
956,3,1,2,2,3
957,3,1,3,3,4
958,3,3,3,3,3
959,4,2,2,2,4
960,3,1,3,2,1
961,1,4,3,3,4
964,3,2,3,4,4
966,4,1,3,3,3
967,3,4,2,1,3
969,3,4,2,1,2
970,1,3,2,3,1
972,2,2,3,2,3
974,3,4,3,2,3
975,3,3,3,2,3
976,2,4,3,2,4
977,3,3,3,1,4
981,4,3,3,3,3
982,4,3,3,1,3
983,3,4,3,2,3
984,3,4,3,2,4
985,3,3,4,4,1
986,2,2,4,4,2
987,4,3,4,3,3
990,3,4,3,4,1
991,3,1,2,1,3
992,3,3,3,4,4
994,3,1,2,3,4
995,3,4,3,1,2
996,3,4,3,4,4
997,2,4,3,3,4
998,3,2,4,1,3
999,4,3,3,2,1
1001,3,2,3,2,3
1002,3,1,3,3,4
1003,3,4,3,3,4
1004,3,3,3,2,1
1005,3,3,3,4,4
1006,2,3,3,2,3
1007,3,3,3,2,4
1009,3,3,2,2,4
1010,1,2,2,4,3
1011,3,1,3,3,3
1012,3,4,3,4,2
1013,3,3,3,3,3
1014,2,3,3,3,3
1015,2,1,4,3,2
1016,3,1,2,1,4
1017,3,2,3,1,2
1018,3,4,4,2,4
1019,2,1,1,1,2
1022,3,3,2,4,1
1024,3,3,2,2,3
1025,3,3,3,2,4
1026,3,4,2,3,4
1027,3,4,3,2,1
1028,2,4,3,1,2
1029,4,3,3,2,4
1030,3,4,3,2,1
1032,3,4,2,1,3
1033,1,2,1,1,1
1034,3,2,3,4,3
1035,3,3,1,2,2
1036,3,4,3,3,2
1037,3,1,1,4,2
1038,3,4,1,4,1
1039,3,4,4,3,4
1040,3,3,3,1,4
1042,3,1,4,3,3
1043,3,1,3,3,4
1044,2,4,2,4,2
1045,4,4,3,2,4
1046,3,3,3,2,4
1047,2,4,4,4,2
1048,1,4,3,3,2
1049,3,2,3,1,2
1050,3,2,2,1,3
1052,2,3,3,2,1
1053,3,1,3,2,1
1055,3,3,3,4,3
1056,3,2,3,2,4
1060,3,3,3,1,3
1061,2,3,3,4,2
1062,2,2,3,1,4
1066,2,1,3,2,3
1068,3,3,2,3,1
1069,3,4,3,4,4
1070,3,3,2,2,3
1071,3,3,3,2,1
1073,2,4,2,2,4
1074,4,1,2,2,3
1076,3,4,2,3,3
1077,3,4,3,2,4
1079,2,1,2,1,3
1080,3,1,2,1,4
1081,4,3,3,3,1
1082,2,1,2,1,2
1083,3,1,2,1,1
1084,2,1,3,3,3
1085,3,3,4,3,2
1088,2,3,2,1,3
1092,3,4,3,4,1
1094,3,3,1,4,1
1096,3,2,3,2,4
1097,4,3,3,4,3
1098,3,1,2,4,2
1099,3,4,2,3,4
1100,3,1,3,1,4
1101,3,3,2,2,1
1102,2,3,3,4,1
1103,2,4,3,3,1
1105,3,4,2,3,4
1106,4,4,3,2,4
1107,2,3,3,3,1
1108,3,2,2,2,1
1109,3,1,3,4,4
1111,3,2,2,1,1
1113,3,3,3,4,4
1114,3,2,3,3,4
1115,3,4,2,4,3
1116,2,4,4,3,1
1117,3,3,2,4,2
1118,3,2,3,4,2
1119,3,3,2,2,3
1120,3,4,3,1,3
1121,2,2,3,2,4
1124,3,3,3,4,1
1125,3,2,3,3,4
1126,3,1,3,3,3
1127,3,4,3,4,1
1128,4,3,2,1,3
1131,4,2,2,3,4
1132,2,2,3,3,3
1133,3,4,3,1,1
1135,3,4,4,1,3
1136,1,2,2,1,1
1137,3,4,3,4,4
1138,3,2,2,2,4
1140,2,3,3,4,4
1143,2,2,3,4,4
1148,3,4,1,1,2
1150,2,4,2,3,2
1152,4,3,4,4,3
1154,3,3,2,4,3
1156,3,3,3,4,3
1157,3,1,3,1,1
1158,3,4,3,1,2
1160,2,3,3,3,3
1161,3,4,2,3,3
1162,3,3,2,3,4
1163,2,3,3,1,2
1164,1,3,3,2,3
1165,1,1,2,1,4
1166,2,3,3,3,2
1167,2,1,3,2,3
1171,4,1,3,4,2
1172,3,3,2,2,4
1173,3,2,3,4,4
1175,2,4,3,4,3
1177,3,4,4,2,1
1179,3,3,2,1,3
1180,1,4,2,4,3
1182,4,2,2,2,3
1184,3,1,2,3,4
1185,4,4,2,2,4
1188,2,3,1,2,1
1190,3,1,3,3,3
1191,3,1,3,4,4
1192,3,4,3,1,2
1193,3,1,3,3,3
1195,2,3,3,3,1
1196,2,4,2,2,4
1198,2,3,2,1,1
1200,3,3,3,3,3
1201,3,3,3,2,4
1202,2,4,1,1,2
1203,3,4,2,2,3
1204,3,1,3,1,3
1206,3,3,1,4,4
1207,3,3,3,4,2
1210,1,1,2,1,1
1211,3,1,3,3,3
1212,3,2,3,4,2
1215,3,1,3,3,4
1216,3,1,2,3,4
1217,3,2,3,1,4
1218,3,1,3,4,3
1219,1,2,3,1,4
1220,2,3,3,1,2
1221,3,3,1,3,3
1224,2,3,3,1,3
1225,3,4,3,2,4
1226,3,4,4,4,3
1228,2,4,3,3,4
1231,4,1,4,1,4
1233,3,4,4,2,2
1234,3,2,2,3,3
1235,3,3,3,4,4
1237,3,1,1,3,3
1238,3,4,3,2,1
1239,4,2,2,2,2
1240,3,4,3,2,3
1241,3,2,3,1,4
1242,3,1,3,3,1
1243,2,4,2,2,3
1244,2,1,3,4,1
1245,1,3,3,1,4
1246,3,4,4,4,1
1248,4,2,2,2,1
1249,3,4,3,1,1
1250,3,4,3,1,4
1251,2,1,3,4,3
1252,3,1,2,2,3
1254,3,4,2,4,3
1255,3,4,1,2,3
1256,4,3,2,3,1
1257,2,2,3,3,3
1258,2,2,4,3,4
1259,3,3,3,2,1
1260,3,4,3,2,3
1263,4,4,2,3,4
1264,2,4,2,2,4
1265,2,3,4,4,3
1267,3,2,3,3,2
1268,3,3,4,4,4
1269,3,4,4,4,2
1270,3,3,3,4,4
1273,3,4,1,4,3
1275,2,4,3,2,3
1277,3,2,1,1,1
1278,3,2,2,4,4
1279,1,3,2,3,1
1280,3,2,2,3,4
1281,3,1,3,4,3
1282,2,2,3,1,4
1283,2,4,3,4,4
1285,4,2,3,3,3
1286,2,3,3,3,4
1288,2,1,4,4,3
1289,4,2,2,4,3
1291,3,3,3,4,3
1292,3,2,4,4,2
1293,4,4,2,4,4
1294,3,2,3,4,3
1295,3,4,3,4,1
1296,3,4,2,2,4
1297,2,3,2,2,2
1298,3,3,3,3,3
1299,3,3,3,1,2
1301,2,1,3,2,4
1303,2,2,3,4,4
1304,4,4,4,3,3
1306,3,2,3,3,2
1307,3,2,2,4,3
1308,3,3,3,4,1
1309,3,3,3,1,4
1310,3,1,3,1,3
1311,3,4,2,1,1
1312,3,3,3,1,4
1314,4,1,3,3,4
1315,3,4,1,1,3
1317,3,1,3,2,4
1318,3,2,2,3,4
1319,2,2,3,3,2
1321,3,1,3,4,2
1322,3,3,3,1,1
1324,2,3,3,1,4
1329,3,2,1,1,3
1331,4,2,3,1,4
1333,4,1,3,3,1
1334,2,3,3,4,3
1336,3,3,1,4,4
1338,3,2,3,1,4
1340,3,3,3,2,3
1344,2,4,3,4,4
1346,3,4,3,3,3
1349,3,1,3,4,3
1350,3,3,3,2,3
1352,3,2,3,2,3
1355,3,1,3,4,2
1356,4,1,3,4,3
1358,2,4,3,3,4
1360,2,1,2,4,3
1361,3,2,3,3,2
1362,2,1,4,4,1
1363,3,4,3,3,4
1364,3,4,4,2,3
1367,2,2,2,2,4
1368,4,4,3,3,4
1369,3,4,2,2,4
1371,3,4,1,2,4
1372,2,3,4,3,1
1373,3,2,3,1,4
1374,3,3,2,3,1
1375,3,3,4,2,2
1377,3,3,3,1,2
1379,4,4,2,3,3
1380,2,3,3,3,4
1382,3,3,4,4,4
1383,4,4,3,4,3
1387,3,1,2,3,3
1389,2,3,3,4,4
1390,4,4,2,4,1
1391,3,2,3,2,2
1392,2,4,3,1,4
1394,3,3,3,4,3
1395,4,4,3,1,2
1396,2,2,3,1,3
1397,3,3,3,2,3
1399,2,3,4,2,1
1401,2,3,4,2,4
1402,1,3,2,1,1
1403,3,4,2,4,4
1405,3,3,3,4,4
1407,3,4,2,4,1
1408,3,1,3,3,3
1409,1,1,3,3,3
1411,3,3,3,1,1
1412,3,4,3,3,3
1415,2,4,3,2,1
1417,3,1,4,4,3
1419,2,1,2,1,2
1420,3,1,2,1,1
1421,3,4,3,1,3
1422,2,4,3,4,4
1423,3,1,3,3,4
1424,4,4,4,4,2
1425,3,2,3,4,1
1427,3,3,1,2,2
1428,3,1,3,2,4
1430,4,2,3,3,1
1431,3,1,3,3,4
1433,4,2,2,3,1
1434,4,1,3,2,2
1435,2,4,2,3,1
1436,2,1,2,1,3
1438,2,4,3,3,1
1439,3,1,2,1,1
1440,1,3,4,1,3
1441,4,1,3,4,1
1443,4,3,3,2,1
1445,3,3,3,3,4
1446,2,4,3,3,4
1447,2,2,2,1,4
1448,2,3,4,1,2
1449,4,3,3,3,3
1453,3,4,3,1,1
1457,4,4,3,1,1
1458,4,1,2,2,1
1459,3,2,4,1,3
1460,3,1,1,2,2
1461,3,2,4,4,4
1464,1,4,3,3,2
1465,4,4,3,4,2
1466,3,1,3,1,3
1467,3,3,3,4,1
1468,3,2,2,3,4
1469,3,1,3,4,4
1471,3,3,2,4,3
1472,2,2,4,2,4
1473,2,3,3,2,1
1474,4,3,3,3,3
1475,2,2,3,3,4
1477,3,1,3,1,4
1478,3,1,1,4,4
1479,2,3,3,3,4
1480,3,4,3,3,1
1481,2,3,3,3,1
1482,2,3,3,2,3
1483,2,3,4,1,2
1484,3,2,3,2,3
1485,2,1,3,4,2
1486,4,3,3,4,1
1487,1,2,3,1,1
1489,4,2,2,3,1
1492,3,3,3,1,4
1494,2,1,3,3,2
1495,3,2,3,3,4
1496,2,3,3,2,2
1497,3,3,2,3,3
1499,4,3,3,1,3
1501,3,3,3,2,4
1502,3,2,2,4,1
1503,2,3,3,3,3
1504,2,1,2,3,3
1506,1,3,2,4,1
1507,3,1,3,4,3
1509,3,1,2,1,3
1513,3,2,3,3,4
1514,2,2,1,2,3
1515,3,3,3,1,4
1516,4,4,3,2,3
1520,3,4,3,1,2
1522,1,1,2,3,1
1523,4,1,3,3,4
1525,3,2,3,4,2
1527,4,2,3,4,3
1529,1,2,2,4,4
1533,3,3,3,2,1
1534,1,1,3,2,4
1535,3,3,2,4,4
1537,1,3,3,1,4
1539,3,4,1,4,3
1541,3,3,3,2,2
1542,3,2,2,2,3
1543,3,4,3,1,1
1544,3,1,1,3,3
1545,3,2,2,4,4
1546,3,4,3,4,4
1547,1,4,3,3,4
1548,4,1,3,4,1
1549,3,3,3,2,2
1550,3,4,3,4,3
1551,3,1,2,2,3
1552,3,4,3,3,4
1553,3,2,3,1,1
1554,3,3,2,1,2
1555,3,2,2,1,4
1556,2,4,3,4,3
1557,3,3,3,3,3
1558,2,3,4,1,3
1560,1,1,3,4,1
1562,3,1,2,4,2
1563,3,3,3,3,3
1564,3,1,2,2,4
1568,3,2,3,2,3
1569,3,1,3,4,1
1572,3,4,2,2,3
1573,3,2,3,1,3
1574,2,1,3,2,4
1576,2,1,3,4,3
1577,1,4,3,3,1
1578,3,4,2,3,3
1580,2,4,3,2,2
1581,3,4,3,1,1
1582,3,2,3,4,3
1583,4,2,3,2,2
1585,3,3,3,1,2
1586,3,1,3,4,2
1587,3,3,3,3,1
1588,3,3,4,1,4
1590,4,4,3,4,1
1591,3,3,3,3,3
1592,3,3,4,4,4
1594,3,1,4,4,1
1595,3,4,2,4,4
1596,2,3,4,4,2
1597,2,3,2,2,4
1598,3,1,3,3,4
1599,3,2,4,3,4
1601,2,4,2,4,3
1602,1,1,4,2,4
1604,3,2,3,3,3
1605,2,3,2,2,2
1606,3,3,3,3,2
1607,3,4,4,4,2
1608,2,4,3,4,2
1609,2,2,2,2,2
1611,3,1,1,1,3
1612,3,1,2,1,1
1613,3,1,3,4,4
1614,3,3,3,2,3
1615,3,4,4,1,3
1617,2,1,3,4,3
1618,3,1,3,4,2
1619,3,1,2,1,4
1621,3,1,4,4,2
1622,2,1,1,2,2
1623,3,4,3,3,3
1624,4,4,3,3,2
1625,3,3,3,3,4
1627,3,3,2,4,3
1628,3,3,2,4,1
1630,3,3,3,4,3
1631,2,3,3,1,3
1633,1,3,3,4,1
1635,3,4,2,1,4
1638,4,3,2,4,4
1639,3,1,2,3,4
1640,1,2,3,1,2
1641,2,4,3,4,3
1642,3,4,3,3,1
1644,3,4,2,2,3
1645,2,4,1,4,1
1646,3,4,3,3,1
1647,3,3,4,1,2
1648,2,4,3,3,4
1649,1,1,3,2,1
1650,3,3,2,3,3
1651,3,1,3,3,2
1653,3,3,4,3,4
1654,3,2,3,3,4
1655,3,2,3,2,1
1656,3,1,2,3,4
1657,3,3,3,1,3
1658,3,2,3,3,4
1659,3,2,3,3,1
1661,3,3,2,2,3
1662,3,3,2,3,4
1664,3,1,4,1,4
1665,3,3,3,3,2
1666,3,3,2,1,3
1667,4,4,3,1,4
1668,4,4,3,4,4
1669,2,2,2,2,1
1670,3,4,3,3,4
1671,2,2,3,3,4
1673,3,4,3,1,1
1674,2,1,3,2,4
1675,3,2,2,2,4
1676,3,2,4,3,2
1677,3,3,3,1,3
1678,3,3,3,4,4
1680,3,1,3,1,4
1681,3,4,3,3,3
1682,2,3,3,2,1
1683,3,4,3,1,3
1684,3,3,2,1,4
1687,2,3,3,4,4
1689,3,4,4,3,2
1691,3,3,3,3,4
1692,3,2,3,1,4
1693,3,4,3,3,4
1694,3,2,2,4,1
1696,4,4,2,3,2
1697,4,4,1,3,3
1698,3,2,4,4,2
1700,2,4,1,3,3
1701,3,4,2,2,2
1702,3,4,3,2,3
1703,3,4,4,2,3
1704,4,4,2,3,1
1706,3,4,3,1,4
1707,3,3,4,4,3
1708,3,3,3,2,4
1709,3,3,3,3,4
1710,2,4,3,3,3
1712,2,3,2,4,3
1714,3,3,1,3,4
1716,1,3,1,3,3
1718,4,3,1,3,4
1719,3,2,2,3,4
1720,2,3,3,1,1
1721,4,3,3,4,2
1722,3,2,1,2,3
1724,3,1,3,2,2
1725,4,1,3,2,2
1727,3,2,3,4,3
1728,3,3,3,2,4
1729,2,4,3,2,2
1731,1,2,3,4,3
1732,2,4,3,2,3
1733,3,1,2,2,2
1734,3,2,1,2,1
1735,1,2,3,3,3
1736,2,4,3,4,4
1737,3,4,3,4,4
1739,1,3,1,3,4
1740,2,2,3,2,2
1744,4,3,1,3,3
1745,3,1,2,4,4
1746,3,4,3,4,1
1747,2,4,2,3,3
1749,3,3,3,3,1
1751,2,4,3,3,3
1752,3,2,1,3,2
1753,4,3,4,4,4
1754,3,1,2,1,3
1755,3,4,4,1,4
1756,2,2,3,4,4
1757,4,4,3,3,4
1758,2,1,3,3,1
1760,2,2,2,2,3
1761,3,3,3,1,1
1762,3,1,2,3,4
1763,3,3,4,3,3
1764,3,2,3,2,2
1766,3,4,1,3,2
1767,3,3,2,4,3
1768,2,2,3,2,2
1770,3,1,2,2,3
1771,2,2,3,4,4
1772,3,1,3,2,3
1774,3,3,3,3,4
1775,2,3,2,4,1
1778,3,4,3,2,2
1779,3,4,1,1,4
1780,3,2,3,2,2
1782,3,3,2,2,4
1783,3,1,3,3,3
1784,3,4,2,1,1
1786,3,3,3,4,1
1787,3,2,2,1,2
1789,3,4,3,3,3
1790,3,1,3,4,4
1792,2,2,3,3,3
1794,2,2,3,3,3
1797,3,4,3,4,3
1798,3,1,4,2,4
1799,4,4,3,3,3
1800,3,3,3,3,3
1801,3,2,2,3,2
1802,2,1,3,4,3
1803,2,1,4,3,2
1804,3,4,3,3,2
1805,3,2,3,4,1
1807,2,1,3,3,4
1809,1,1,3,2,4
1812,3,4,3,4,3
1813,2,3,3,3,1
1814,1,2,4,1,2
1815,4,3,3,4,3
1816,3,3,3,2,1
1818,3,2,3,3,4
1821,4,2,3,4,4
1822,3,4,3,4,3
1823,3,3,4,3,2
1824,2,2,3,4,2
1826,4,3,1,2,2
1827,3,2,2,3,3
1829,3,1,3,2,2
1830,2,4,3,2,4
1833,3,1,3,4,1
1834,3,1,3,3,3
1835,2,4,1,1,2
1836,3,4,3,1,3
1837,3,3,3,2,1
1839,1,3,3,3,2
1842,3,1,4,3,4
1844,3,1,2,4,1
1845,4,3,3,2,3
1847,3,2,3,4,4
1849,3,4,3,3,1
1850,2,4,3,3,4
1852,4,4,3,2,4
1853,4,4,3,3,4
1854,2,3,3,2,3
1856,3,3,3,3,2
1857,2,4,3,3,4
1858,3,4,3,2,3
1859,3,3,1,4,4
1860,3,3,3,4,4
1862,2,2,2,3,3
1863,3,1,4,4,1
1864,3,3,2,4,2
1865,3,2,2,4,4
1866,3,3,2,4,1
1867,3,2,2,4,4
1868,2,4,2,2,4
1869,3,2,3,3,3
1870,2,1,2,4,4
1871,3,4,3,2,4
1873,4,4,2,2,2
1875,3,2,3,4,2
1876,2,4,3,3,2
1878,3,2,3,1,4
1880,3,3,2,1,2
1881,3,3,3,1,2
1882,3,4,3,4,3
1883,3,1,3,2,4
1885,3,1,3,3,4
1886,3,2,2,4,4
1888,2,4,2,4,2
1890,2,4,2,4,2
1892,3,1,3,1,1
1893,2,3,2,3,2
1898,2,3,4,2,1
1900,3,4,3,2,4
1903,3,1,4,4,2
1905,3,1,1,2,4
1907,3,4,3,4,1
1908,1,2,2,3,3
1909,3,2,3,3,3
1911,4,1,3,2,3
1912,3,4,3,4,3
1915,2,4,2,3,4
1916,2,3,4,2,1
1918,3,4,4,1,3
1922,3,3,3,3,2
1924,2,3,3,2,2
1927,3,4,2,3,3
1928,3,1,4,4,3
1929,3,3,1,3,1
1931,2,2,3,3,2
1932,3,4,2,2,3
1933,3,3,3,4,4
1934,4,2,3,3,3
1935,3,1,2,3,4
1936,3,1,3,4,1
1937,3,2,2,3,4
1938,2,4,3,3,4
1939,3,3,4,1,1
1940,4,4,3,4,2
1941,3,4,3,4,2
1943,3,4,3,3,2
1944,3,2,2,1,1
1945,1,1,3,4,2
1947,2,3,3,3,3
1948,4,1,3,4,3
1949,3,2,4,2,1
1950,2,4,3,1,1
1951,2,3,3,3,4
1952,2,1,3,4,3
1954,2,1,3,1,1
1955,3,4,3,2,3
1956,3,1,1,2,4
1960,2,4,2,1,3
1961,2,1,2,1,1
1962,3,4,3,4,3
1965,3,4,3,1,4
1966,3,4,2,2,4
1967,3,4,3,3,1
1968,2,1,3,2,1
1969,2,3,3,3,1
1970,3,3,3,3,4
1971,3,3,3,2,1
1972,3,2,3,2,4
1973,3,2,4,1,3
1974,3,4,1,3,4
1975,3,1,3,1,2
1976,3,3,2,4,4
1979,4,3,3,3,3
1980,3,1,3,4,3
1981,2,3,2,2,2
1982,4,4,3,3,4
1985,4,3,3,1,4
1986,3,2,3,3,2
1987,3,2,3,3,3
1989,2,2,3,3,4
1992,2,3,3,3,4
1993,3,3,3,2,1
1994,2,3,2,3,2
1995,3,2,3,1,4
1996,3,3,3,3,1
1997,3,3,2,4,1
1998,2,1,3,3,4
1999,3,4,3,1,4
2000,1,2,3,1,3
2003,3,3,3,3,4
2007,4,3,3,4,4
2008,3,3,3,2,2
2009,3,4,3,1,2
2010,3,2,2,3,3
2012,2,4,3,3,1
2013,3,2,2,2,2
2014,3,4,3,1,1
2015,3,3,1,1,2
2016,3,4,3,3,3
2017,3,4,4,1,3
2018,2,3,3,2,1
2019,2,4,3,2,1
2020,3,4,3,3,2
2021,3,1,3,4,3
2022,2,4,3,3,4
2023,2,1,3,1,4
2024,3,4,2,3,1
2025,3,2,3,2,4
2026,2,3,3,1,3
2027,4,4,3,2,1
2031,2,3,3,1,1
2032,1,3,3,4,4
2034,3,2,2,3,1
2035,3,3,2,4,4
2036,2,4,1,1,4
2037,3,2,2,3,3
2038,3,1,3,4,4
2040,3,4,3,3,3
2041,3,4,3,3,1
2044,3,3,3,4,2
2045,2,4,2,1,2
2046,3,3,3,3,4
2048,3,3,2,4,3
2049,4,3,3,4,3
2051,3,3,3,2,3
2052,3,4,1,4,3
2053,3,2,2,1,4
2054,1,1,2,2,4
2055,3,1,2,2,4
2056,2,4,2,1,2
2057,3,1,3,2,2
2060,3,3,2,4,4
2061,3,4,4,3,3
2062,3,1,2,1,4
2064,3,2,4,2,2
2065,2,2,2,4,4
2068,4,3,4,1,2
